-- Sample Data for Students
INSERT INTO Students (student_id, first_name, last_name, email, registration_date, country, age) VALUES
(1, 'Alice', 'Smith', 'alice.smith@example.com', '2023-01-10', 'USA', 22),
(2, 'Bob', 'Johnson', 'bob.j@example.com', '2023-01-15', 'Canada', 28),
(3, 'Charlie', 'Brown', 'charlie.b@example.com', '2023-02-01', 'UK', 25),
(4, 'Diana', 'Prince', 'diana.p@example.com', '2023-02-10', 'USA', 30),
(5, 'Eve', 'Davis', 'eve.d@example.com', '2023-03-05', 'Australia', 24),
(6, 'Frank', 'Miller', 'frank.m@example.com', '2023-03-10', 'Germany', 35),
(7, 'Grace', 'Lee', 'grace.l@example.com', '2023-04-01', 'USA', 21),
(8, 'Henry', 'Wang', 'henry.w@example.com', '2023-04-15', 'China', 29),
(9, 'Ivy', 'Chen', 'ivy.c@example.com', '2023-05-01', 'Singapore', 26),
(10, 'Jack', 'Taylor', 'jack.t@example.com', '2023-05-10', 'Canada', 32);

-- Sample Data for Instructors
INSERT INTO Instructors (instructor_id, first_name, last_name, email, specialty) VALUES
(101, 'Dr. Alex', 'Wong', 'alex.wong@example.com', 'Data Science'),
(102, 'Prof. Sarah', 'Green', 'sarah.g@example.com', 'Web Development'),
(103, 'Mr. David', 'Kim', 'david.k@example.com', 'Cybersecurity'),
(104, 'Ms. Laura', 'Bell', 'laura.b@example.com', 'Project Management');

-- Sample Data for Courses
INSERT INTO Courses (course_id, course_name, description, instructor_id, difficulty_level, price, duration_hours) VALUES
(1, 'SQL for Data Analysts', 'Master SQL for data analysis.', 101, 'Intermediate', 99.99, 20),
(2, 'Python Web Basics', 'Introduction to web development with Python.', 102, 'Beginner', 79.99, 25),
(3, 'Cybersecurity Fundamentals', 'Essential concepts in cybersecurity.', 103, 'Beginner', 129.99, 30),
(4, 'Advanced SQL Techniques', 'Deep dive into complex SQL queries.', 101, 'Advanced', 149.99, 15),
(5, 'React JS Masterclass', 'Building modern front-end applications.', 102, 'Intermediate', 109.99, 35);

-- Sample Data for Enrollments
INSERT INTO Enrollments (enrollment_id, student_id, course_id, enrollment_date, completion_date, grade, status) VALUES
(1001, 1, 1, '2023-01-11', '2023-03-01', 92.5, 'Completed'),
(1002, 2, 2, '2023-01-16', '2023-03-10', 88.0, 'Completed'),
(1003, 3, 1, '2023-02-02', NULL, NULL, 'In Progress'),
(1004, 4, 3, '2023-02-11', '2023-04-05', 75.0, 'Completed'),
(1005, 5, 2, '2023-03-06', NULL, NULL, 'Dropped'),
(1006, 1, 4, '2023-03-02', NULL, NULL, 'In Progress'),
(1007, 6, 1, '2023-03-11', '2023-05-01', 85.0, 'Completed'),
(1008, 7, 5, '2023-04-02', NULL, NULL, 'In Progress'),
(1009, 8, 3, '2023-04-16', NULL, NULL, 'In Progress'),
(1010, 9, 2, '2023-05-02', '2023-07-01', 95.0, 'Completed'),
(1011, 10, 1, '2023-05-11', NULL, NULL, 'In Progress');


-- Sample Data for Lessons
INSERT INTO Lessons (lesson_id, course_id, lesson_name, lesson_order, lesson_type, duration_minutes) VALUES
(100, 1, 'Introduction to SQL', 1, 'Video', 45),
(101, 1, 'Basic SELECT Statements', 2, 'Video', 60),
(102, 1, 'Quiz: Basic SQL', 3, 'Quiz', 30),
(103, 1, 'JOINs Explained', 4, 'Video', 75),
(104, 1, 'Advanced Filtering', 5, 'Reading Material', 30),
(105, 1, 'Quiz: JOINs and Filtering', 6, 'Quiz', 45),
(200, 2, 'Setting up Python', 1, 'Video', 50),
(201, 2, 'Flask Introduction', 2, 'Video', 70),
(202, 2, 'Quiz: Python Basics', 3, 'Quiz', 25),
(300, 3, 'Network Security Basics', 1, 'Video', 60),
(301, 3, 'Cryptography Explained', 2, 'Reading Material', 45),
(302, 3, 'Quiz: Cybersecurity Terms', 3, 'Quiz', 30),
(400, 4, 'Window Functions Deep Dive', 1, 'Video', 90),
(401, 4, 'CTEs and Subqueries', 2, 'Video', 80),
(402, 4, 'Project: Complex Analytics', 3, 'Project', 180),
(500, 5, 'React Components', 1, 'Video', 60),
(501, 5, 'State Management with Hooks', 2, 'Video', 90),
(502, 5, 'Quiz: React Hooks', 3, 'Quiz', 35);


-- Sample Data for Quizzes (linking to relevant lessons)
INSERT INTO Quizzes (quiz_id, lesson_id, quiz_name, max_score) VALUES
(1, 102, 'Basic SQL Concepts Quiz', 100),
(2, 105, 'SQL JOINs and Filtering Quiz', 100),
(3, 202, 'Python Basics Assessment', 100),
(4, 302, 'Cybersecurity Terminology Quiz', 100),
(5, 502, 'React Hooks Knowledge Check', 100);

-- Sample Data for Quiz_Attempts
INSERT INTO Quiz_Attempts (attempt_id, enrollment_id, quiz_id, attempt_date, score, time_taken_minutes) VALUES
(1, 1001, 1, '2023-02-01 10:00:00', 95.0, 20), -- Alice, SQL for Data Analysts, Basic SQL
(2, 1001, 2, '2023-02-28 15:30:00', 90.0, 35), -- Alice, SQL for Data Analysts, JOINs and Filtering
(3, 1002, 3, '2023-02-15 11:00:00', 88.0, 22), -- Bob, Python Web Basics, Python Basics
(4, 1003, 1, '2023-02-10 09:00:00', 60.0, 28), -- Charlie, SQL for Data Analysts, Basic SQL (low score)
(5, 1004, 4, '2023-03-20 14:00:00', 78.0, 25), -- Diana, Cybersecurity, Cybersecurity Terms
(6, 1005, 3, '2023-03-07 10:30:00', 40.0, 15), -- Eve, Python Web Basics, Python Basics (dropped, low score)
(7, 1006, 1, '2023-03-05 16:00:00', 85.0, 23), -- Alice, Advanced SQL, Basic SQL (re-attempt/review)
(8, 1007, 1, '2023-03-20 11:00:00', 70.0, 30), -- Frank, SQL for Data Analysts, Basic SQL
(9, 1007, 2, '2023-04-25 10:00:00', 80.0, 40), -- Frank, SQL for Data Analysts, JOINs and Filtering
(10, 1003, 1, '2023-02-15 09:30:00', 75.0, 20), -- Charlie, SQL for Data Analysts, Basic SQL (second attempt)
(11, 1003, 2, '2023-03-25 14:00:00', 68.0, 42), -- Charlie, SQL for Data Analysts, JOINs and Filtering
(12, 1010, 3, '2023-06-10 09:00:00', 98.0, 20); -- Ivy, Python Web Basics, Python Basics

INSERT INTO Students (student_id, first_name, last_name, email, registration_date, country, age) VALUES
(11, 'Karen', 'White', 'karen.w@example.com', '2023-06-01', 'UK', 23),
(12, 'Liam', 'Hall', 'liam.h@example.com', '2023-06-15', 'USA', 27),
(13, 'Mia', 'King', 'mia.k@example.com', '2023-07-01', 'India', 29),
(14, 'Noah', 'Wright', 'noah.w@example.com', '2023-07-10', 'Germany', 31),
(15, 'Olivia', 'Scott', 'olivia.s@example.com', '2023-08-05', 'Australia', 24),
(16, 'Peter', 'Green', 'peter.g@example.com', '2023-08-12', 'USA', 33),
(17, 'Quinn', 'Adams', 'quinn.a@example.com', '2023-09-01', 'Canada', 26),
(18, 'Rachel', 'Baker', 'rachel.b@example.com', '2023-09-10', 'UK', 20),
(19, 'Sam', 'Nelson', 'sam.n@example.com', '2023-10-01', 'India', 34),
(20, 'Tina', 'Carter', 'tina.c@example.com', '2023-10-15', 'USA', 25),
(21, 'Uma', 'Diaz', 'uma.d@example.com', '2023-11-01', 'Brazil', 28),
(22, 'Victor', 'Evans', 'victor.e@example.com', '2023-11-10', 'Mexico', 30),
(23, 'Wendy', 'Foster', 'wendy.f@example.com', '2023-12-01', 'France', 22),
(24, 'Xavier', 'Gonzales', 'xavier.g@example.com', '2023-12-15', 'Spain', 36),
(25, 'Yara', 'Harris', 'yara.h@example.com', '2024-01-01', 'Egypt', 27),
(26, 'Zane', 'Jackson', 'zane.j@example.com', '2024-01-10', 'USA', 29),
(27, 'Ava', 'Kim', 'ava.k@example.com', '2024-02-01', 'South Korea', 23),
(28, 'Ben', 'Lee', 'ben.l@example.com', '2024-02-15', 'Japan', 31),
(29, 'Chloe', 'Moore', 'chloe.m@example.com', '2024-03-01', 'China', 24),
(30, 'Daniel', 'Nguyen', 'daniel.n@example.com', '2024-03-10', 'Vietnam', 28),
(31, 'Ella', 'Owens', 'ella.o@example.com', '2024-04-01', 'USA', 20),
(32, 'Finn', 'Perry', 'finn.p@example.com', '2024-04-15', 'Ireland', 35),
(33, 'Gia', 'Quinn', 'gia.q@example.com', '2024-05-01', 'Italy', 26),
(34, 'Hugo', 'Ramirez', 'hugo.r@example.com', '2024-05-10', 'Colombia', 32),
(35, 'Isla', 'Stewart', 'isla.s@example.com', '2024-06-01', 'New Zealand', 29),
(36, 'Jaden', 'Turner', 'jaden.t@example.com', '2024-06-15', 'UK', 21),
(37, 'Keira', 'Underwood', 'keira.u@example.com', '2024-07-01', 'USA', 25),
(38, 'Leo', 'Vargas', 'leo.v@example.com', '2024-07-10', 'Argentina', 30),
(39, 'Maya', 'Watson', 'maya.w@example.com', '2024-08-01', 'Canada', 27),
(40, 'Nico', 'Xavier', 'nico.x@example.com', '2024-08-15', 'Portugal', 33),
(41, 'Orla', 'Young', 'orla.y@example.com', '2024-09-01', 'Sweden', 22),
(42, 'Paul', 'Zimmerman', 'paul.z@example.com', '2024-09-10', 'Germany', 38),
(43, 'Ruby', 'Allen', 'ruby.a@example.com', '2024-10-01', 'USA', 24),
(44, 'Seth', 'Bell', 'seth.b@example.com', '2024-10-15', 'South Africa', 29),
(45, 'Zara', 'Cook', 'zara.c@example.com', '2024-11-01', 'UAE', 26),
(46, 'Dylan', 'Edwards', 'dylan.e@example.com', '2024-11-10', 'USA', 31),
(47, 'Erin', 'Fisher', 'erin.f@example.com', '2024-12-01', 'UK', 20),
(48, 'Gareth', 'Hughes', 'gareth.h@example.com', '2024-12-15', 'Australia', 34),
(49, 'Holly', 'Jones', 'holly.j@example.com', '2025-01-01', 'Canada', 28),
(50, 'Ivan', 'Kelly', 'ivan.k@example.com', '2025-01-10', 'USA', 27);

INSERT INTO Instructors (instructor_id, first_name, last_name, email, specialty) VALUES
(105, 'Dr. Marcus', 'Thorne', 'marcus.t@example.com', 'Machine Learning'),
(106, 'Prof. Emily', 'Chen', 'emily.c@example.com', 'Mobile App Development'),
(107, 'Mr. Robert', 'Vega', 'robert.v@example.com', 'Cloud Computing'),
(108, 'Ms. Jessica', 'Singh', 'jessica.s@example.com', 'UX/UI Design'),
(109, 'Dr. Omar', 'Hassan', 'omar.h@example.com', 'Database Administration'),
(110, 'Prof. Chloe', 'Perez', 'chloe.p@example.com', 'Technical Writing');

INSERT INTO Courses (course_id, course_name, description, instructor_id, difficulty_level, price, duration_hours) VALUES
(6, 'Machine Learning with Python', 'Fundamentals of ML using Python.', 105, 'Advanced', 199.99, 40),
(7, 'iOS App Development with Swift', 'Learn to build iOS apps.', 106, 'Intermediate', 159.99, 30),
(8, 'AWS Cloud Practitioner Prep', 'Prepare for AWS certification.', 107, 'Beginner', 119.99, 28),
(9, 'UX Design Principles', 'Core concepts in user experience design.', 108, 'Beginner', 89.99, 22),
(10, 'Database Administration with MySQL', 'Manage and optimize MySQL databases.', 109, 'Intermediate', 139.99, 25),
(11, 'Advanced Python Web Development', 'Dive deeper into web frameworks.', 102, 'Advanced', 119.99, 30),
(12, 'Network Security Essentials', 'Practical network security skills.', 103, 'Intermediate', 145.00, 32),
(13, 'Data Visualization with Tableau', 'Create compelling data visualizations.', 101, 'Intermediate', 95.00, 18),
(14, 'Project Management Professional (PMP)', 'Certification prep for PMP.', 104, 'Advanced', 299.99, 50),
(15, 'Andriod App Development with Kotlin', 'Build native Android applications.', 106, 'Intermediate', 165.00, 35),
(16, 'DevOps Fundamentals', 'Introduction to DevOps practices.', 107, 'Intermediate', 130.00, 26),
(17, 'Figma for UI Design', 'Master UI design with Figma.', 108, 'Beginner', 75.00, 15),
(18, 'NoSQL Databases Explained', 'Understand NoSQL databases like MongoDB.', 109, 'Intermediate', 105.00, 20),
(19, 'Effective Business Communication', 'Improve your professional communication.', 110, 'Beginner', 60.00, 10),
(20, 'Big Data Technologies', 'Explore Hadoop, Spark, and more.', 105, 'Advanced', 220.00, 45);

INSERT INTO Enrollments (enrollment_id, student_id, course_id, enrollment_date, completion_date, grade, status) VALUES
(1012, 11, 6, '2023-06-05', '2023-09-01', 89.0, 'Completed'),
(1013, 12, 7, '2023-06-20', NULL, NULL, 'In Progress'),
(1014, 13, 8, '2023-07-05', '2023-09-15', 72.0, 'Completed'),
(1015, 14, 9, '2023-07-15', NULL, NULL, 'In Progress'),
(1016, 15, 10, '2023-08-10', '2023-11-01', 81.0, 'Completed'),
(1017, 16, 1, '2023-08-15', '2023-10-30', 90.0, 'Completed'),
(1018, 17, 2, '2023-09-05', NULL, NULL, 'In Progress'),
(1019, 18, 3, '2023-09-15', '2023-12-01', 65.0, 'Completed'),
(1020, 19, 4, '2023-10-05', NULL, NULL, 'In Progress'),
(1021, 20, 5, '2023-10-20', '2024-01-10', 87.0, 'Completed'),
(1022, 21, 6, '2023-11-05', NULL, NULL, 'Dropped'),
(1023, 22, 7, '2023-11-15', '2024-02-20', 79.5, 'Completed'),
(1024, 23, 8, '2023-12-05', NULL, NULL, 'In Progress'),
(1025, 24, 9, '2023-12-20', NULL, NULL, 'Pending'),
(1026, 25, 10, '2024-01-05', '2024-03-15', 83.0, 'Completed'),
(1027, 26, 11, '2024-01-15', NULL, NULL, 'In Progress'),
(1028, 27, 12, '2024-02-05', '2024-04-20', 70.0, 'Completed'),
(1029, 28, 13, '2024-02-20', NULL, NULL, 'In Progress'),
(1030, 29, 14, '2024-03-05', NULL, NULL, 'Dropped'),
(1031, 30, 15, '2024-03-15', '2024-06-01', 91.0, 'Completed'),
(1032, 31, 16, '2024-04-05', NULL, NULL, 'In Progress'),
(1033, 32, 17, '2024-04-20', '2024-07-10', 84.0, 'Completed'),
(1034, 33, 18, '2024-05-05', NULL, NULL, 'In Progress'),
(1035, 34, 19, '2024-05-15', NULL, NULL, 'Pending'),
(1036, 35, 20, '2024-06-05', '2024-09-01', 77.0, 'Completed'),
(1037, 36, 1, '2024-06-20', NULL, NULL, 'In Progress'),
(1038, 37, 2, '2024-07-05', '2024-09-20', 88.0, 'Completed'),
(1039, 38, 3, '2024-07-15', NULL, NULL, 'In Progress'),
(1040, 39, 4, '2024-08-05', '2024-10-30', 94.0, 'Completed'),
(1041, 40, 5, '2024-08-15', NULL, NULL, 'In Progress'),
(1042, 41, 6, '2024-09-05', '2024-12-01', 82.5, 'Completed'),
(1043, 42, 7, '2024-09-15', NULL, NULL, 'Dropped'),
(1044, 43, 8, '2024-10-05', '2025-01-15', 71.0, 'Completed'),
(1045, 44, 9, '2024-10-20', NULL, NULL, 'In Progress'),
(1046, 45, 10, '2024-11-05', '2025-02-01', 90.0, 'Completed'),
(1047, 46, 11, '2024-11-15', NULL, NULL, 'In Progress'),
(1048, 47, 12, '2024-12-05', NULL, NULL, 'In Progress'),
(1049, 48, 13, '2024-12-20', '2025-03-10', 76.0, 'Completed'),
(1050, 49, 14, '2025-01-05', NULL, NULL, 'In Progress'),
(1051, 50, 15, '2025-01-15', '2025-04-01', 86.0, 'Completed'),
-- Additional enrollments for more variety
(1052, 1, 13, '2023-04-01', '2023-06-15', 85.0, 'Completed'),
(1053, 2, 4, '2023-05-01', NULL, NULL, 'In Progress'),
(1054, 3, 5, '2023-06-01', NULL, NULL, 'In Progress'),
(1055, 4, 1, '2023-07-01', '2023-09-20', 80.0, 'Completed'),
(1056, 5, 12, '2023-08-01', NULL, NULL, 'In Progress'),
(1057, 6, 14, '2023-09-01', '2023-12-10', 91.0, 'Completed'),
(1058, 7, 10, '2023-10-01', NULL, NULL, 'In Progress'),
(1059, 8, 16, '2023-11-01', '2024-02-05', 79.0, 'Completed'),
(1060, 9, 18, '2023-12-01', NULL, NULL, 'In Progress'),
(1061, 10, 19, '2024-01-01', '2024-03-01', 93.0, 'Completed'),
(1062, 11, 2, '2024-02-01', NULL, NULL, 'Dropped'),
(1063, 12, 1, '2024-03-01', '2024-05-20', 87.0, 'Completed'),
(1064, 13, 3, '2024-04-01', NULL, NULL, 'In Progress'),
(1065, 14, 5, '2024-05-01', '2024-07-25', 74.0, 'Completed'),
(1066, 15, 6, '2024-06-01', NULL, NULL, 'In Progress'),
(1067, 16, 7, '2024-07-01', '2024-09-30', 86.5, 'Completed'),
(1068, 17, 8, '2024-08-01', NULL, NULL, 'In Progress'),
(1069, 18, 9, '2024-09-01', NULL, NULL, 'Dropped'),
(1070, 19, 10, '2024-10-01', '2024-12-20', 81.0, 'Completed'),
(1071, 20, 11, '2024-11-01', NULL, NULL, 'In Progress'),
(1072, 21, 12, '2024-12-01', '2025-03-01', 70.0, 'Completed'),
(1073, 22, 13, '2025-01-01', NULL, NULL, 'In Progress'),
(1074, 23, 14, '2025-02-01', NULL, NULL, 'Pending'),
(1075, 24, 15, '2025-03-01', NULL, NULL, 'In Progress'),
(1076, 25, 16, '2024-01-20', '2024-04-10', 80.0, 'Completed'),
(1077, 26, 17, '2024-02-25', NULL, NULL, 'In Progress'),
(1078, 27, 18, '2024-03-20', '2024-06-05', 75.0, 'Completed'),
(1079, 28, 19, '2024-04-25', NULL, NULL, 'In Progress'),
(1080, 29, 20, '2024-05-20', NULL, NULL, 'Dropped'),
(1081, 30, 1, '2024-06-25', '2024-09-10', 90.0, 'Completed'),
(1082, 31, 2, '2024-07-20', NULL, NULL, 'In Progress'),
(1083, 32, 3, '2024-08-25', '2024-11-05', 78.5, 'Completed'),
(1084, 33, 4, '2024-09-20', NULL, NULL, 'In Progress'),
(1085, 34, 5, '2024-10-25', NULL, NULL, 'Pending'),
(1086, 35, 6, '2024-11-20', '2025-02-15', 85.0, 'Completed'),
(1087, 36, 7, '2024-12-25', NULL, NULL, 'In Progress'),
(1088, 37, 8, '2025-01-20', '2025-04-01', 72.0, 'Completed'),
(1089, 38, 9, '2025-02-25', NULL, NULL, 'In Progress'),
(1090, 39, 10, '2025-03-20', '2025-06-10', 92.0, 'Completed'),
(1091, 40, 11, '2025-04-25', NULL, NULL, 'In Progress'),
(1092, 41, 12, '2025-05-20', NULL, NULL, 'In Progress'),
(1093, 42, 13, '2025-06-25', '2025-09-01', 68.0, 'Completed'),
(1094, 43, 14, '2025-07-20', NULL, NULL, 'In Progress'),
(1095, 44, 15, '2025-08-25', '2025-11-10', 80.0, 'Completed'),
(1096, 45, 16, '2025-09-20', NULL, NULL, 'In Progress'),
(1097, 46, 17, '2025-10-25', NULL, NULL, 'In Progress'),
(1098, 47, 18, '2025-11-20', '2026-02-01', 73.0, 'Completed'),
(1099, 48, 19, '2025-12-25', NULL, NULL, 'Pending'),
(1100, 49, 20, '2026-01-20', NULL, NULL, 'In Progress');

INSERT INTO Lessons (lesson_id, course_id, lesson_name, lesson_order, lesson_type, duration_minutes) VALUES
(600, 6, 'Introduction to ML', 1, 'Video', 60), (601, 6, 'Supervised Learning', 2, 'Video', 75), (602, 6, 'Quiz: ML Concepts', 3, 'Quiz', 30), (603, 6, 'Unsupervised Learning', 4, 'Video', 70), (604, 6, 'Model Evaluation', 5, 'Reading Material', 45), (605, 6, 'Project: Predictive Model', 6, 'Project', 240),
(700, 7, 'Swift Basics', 1, 'Video', 50), (701, 7, 'Xcode Interface', 2, 'Reading Material', 30), (702, 7, 'Quiz: Swift Syntax', 3, 'Quiz', 25), (703, 7, 'UI Design with SwiftUI', 4, 'Video', 80), (704, 7, 'Data Persistence', 5, 'Video', 65), (705, 7, 'Project: Todo App', 6, 'Project', 150),
(800, 8, 'Cloud Concepts', 1, 'Video', 40), (801, 8, 'AWS Services Overview', 2, 'Reading Material', 50), (802, 8, 'Quiz: Cloud Terminology', 3, 'Quiz', 20), (803, 8, 'EC2 and S3', 4, 'Video', 70), (804, 8, 'Networking on AWS', 5, 'Video', 60), (805, 8, 'Project: Simple Web Host', 6, 'Project', 100),
(900, 9, 'Introduction to UX', 1, 'Video', 45), (901, 9, 'User Research', 2, 'Reading Material', 35), (902, 9, 'Quiz: UX Principles', 3, 'Quiz', 20), (903, 9, 'Wireframing', 4, 'Video', 55), (904, 9, 'Prototyping', 5, 'Video', 60), (905, 9, 'Project: Mobile App UX', 6, 'Project', 120),
(1000, 10, 'MySQL Basics', 1, 'Video', 50), (1001, 10, 'Database Design', 2, 'Video', 65), (1002, 10, 'Quiz: DB Concepts', 3, 'Quiz', 25), (1003, 10, 'Indexing and Performance', 4, 'Video', 70), (1004, 10, 'Backup and Restore', 5, 'Reading Material', 40), (1005, 10, 'Project: E-commerce DB', 6, 'Project', 140),
(1100, 11, 'Advanced Flask', 1, 'Video', 70), (1101, 11, 'Django Framework', 2, 'Video', 80), (1102, 11, 'Quiz: Advanced Python Web', 3, 'Quiz', 30), (1103, 11, 'Microservices Architecture', 4, 'Reading Material', 50), (1104, 11, 'Deployment Strategies', 5, 'Video', 60),
(1200, 12, 'Firewall Configuration', 1, 'Video', 55), (1201, 12, 'Intrusion Detection Systems', 2, 'Reading Material', 45), (1202, 12, 'Quiz: Network Security Devices', 3, 'Quiz', 25), (1203, 12, 'VPNs and Secure Tunnels', 4, 'Video', 60), (1204, 12, 'Threat Hunting', 5, 'Video', 70),
(1300, 13, 'Tableau Interface', 1, 'Video', 40), (1301, 13, 'Connecting Data', 2, 'Reading Material', 30), (1302, 13, 'Quiz: Tableau Basics', 3, 'Quiz', 20), (1303, 13, 'Creating Dashboards', 4, 'Video', 60), (1304, 13, 'Advanced Charts', 5, 'Video', 50),
(1400, 14, 'PMP Introduction', 1, 'Video', 45), (1401, 14, 'Project Life Cycle', 2, 'Reading Material', 35), (1402, 14, 'Quiz: PMP Fundamentals', 3, 'Quiz', 20), (1403, 14, 'Agile Methodologies', 4, 'Video', 70), (1404, 14, 'Stakeholder Management', 5, 'Video', 60),
(1500, 15, 'Kotlin Basics', 1, 'Video', 50), (1501, 15, 'Android Studio Setup', 2, 'Reading Material', 30), (1502, 15, 'Quiz: Kotlin Syntax', 3, 'Quiz', 25), (1503, 15, 'UI with XML', 4, 'Video', 70), (1504, 15, 'Data Storage', 5, 'Video', 60),
(1600, 16, 'What is DevOps?', 1, 'Video', 40), (1601, 16, 'CI/CD Pipelines', 2, 'Reading Material', 35), (1602, 16, 'Quiz: DevOps Tools', 3, 'Quiz', 20), (1603, 16, 'Containerization (Docker)', 4, 'Video', 60), (1604, 16, 'Orchestration (Kubernetes)', 5, 'Video', 70),
(1700, 17, 'Figma Interface', 1, 'Video', 30), (1701, 17, 'Components and Variants', 2, 'Reading Material', 25), (1702, 17, 'Quiz: Figma Basics', 3, 'Quiz', 15), (1703, 17, 'Prototyping in Figma', 4, 'Video', 40), (1704, 17, 'Collaboration Features', 5, 'Video', 35),
(1800, 18, 'Intro to NoSQL', 1, 'Video', 45), (1801, 18, 'MongoDB Basics', 2, 'Reading Material', 35), (1802, 18, 'Quiz: NoSQL Concepts', 3, 'Quiz', 20), (1803, 18, 'Cassandra and Graph DBs', 4, 'Video', 60), (1804, 18, 'Use Cases', 5, 'Video', 50),
(1900, 19, 'Public Speaking', 1, 'Video', 40), (1901, 19, 'Written Communication', 2, 'Reading Material', 30), (1902, 19, 'Quiz: Communication Styles', 3, 'Quiz', 15), (1903, 19, 'Presentation Skills', 4, 'Video', 50), (1904, 19, 'Email Etiquette', 5, 'Reading Material', 25),
(2000, 20, 'Big Data Intro', 1, 'Video', 50), (2001, 20, 'Hadoop Ecosystem', 2, 'Reading Material', 45), (2002, 20, 'Quiz: Big Data Terms', 3, 'Quiz', 25), (2003, 20, 'Spark Overview', 4, 'Video', 70), (2004, 20, 'Data Warehousing', 5, 'Reading Material', 60);

INSERT INTO Quizzes (quiz_id, lesson_id, quiz_name, max_score) VALUES
(7, 602, 'Machine Learning Concepts Quiz', 100), (8, 702, 'Swift Syntax Fundamentals', 100), (9, 802, 'Cloud Computing Basics Quiz', 100),
(10, 902, 'UX Design Principles Quiz', 100), (11, 1002, 'Database Concepts Quiz', 100), (12, 1102, 'Advanced Python Web Quiz', 100),
(13, 1202, 'Network Security Devices Quiz', 100), (14, 1302, 'Tableau Basics Quiz', 100), (15, 1402, 'PMP Fundamentals Quiz', 100),
(16, 1502, 'Kotlin Syntax Quiz', 100), (17, 1602, 'DevOps Tools Quiz', 100), (18, 1702, 'Figma Basics Quiz', 100),
(19, 1802, 'NoSQL Concepts Quiz', 100), (20, 1902, 'Communication Styles Quiz', 100), (21, 2002, 'Big Data Terminology Quiz', 100),
(22, 102, 'SQL Introduction Review', 100), (23, 105, 'Advanced SQL Joins', 100), (24, 202, 'Python Web Concepts', 100),
(25, 302, 'Cybersecurity Threats', 100), (26, 502, 'React State Management', 100), (27, 602, 'ML Algorithms', 100),
(28, 702, 'iOS UI Basics', 100), (29, 802, 'AWS Services Quiz', 100), (30, 902, 'User Centered Design', 100);

INSERT INTO Quiz_Attempts (attempt_id, enrollment_id, quiz_id, attempt_date, score, time_taken_minutes) VALUES
(14, 1012, 7, '2023-07-01 14:00:00', 92.0, 28),
(15, 1013, 8, '2023-07-25 09:00:00', 70.0, 20), (16, 1014, 9, '2023-08-10 11:00:00', 80.0, 22),
(17, 1015, 10, '2023-09-01 10:00:00', 75.0, 25), (18, 1016, 11, '2023-10-15 13:00:00', 85.0, 28),
(19, 1017, 12, '2023-11-01 10:00:00', 90.0, 30), (20, 1018, 1, '2023-12-05 09:00:00', 55.0, 35),
(21, 1019, 2, '2024-01-01 15:00:00', 70.0, 38), (22, 1020, 3, '2024-01-20 11:00:00', 82.0, 24),
(23, 1021, 4, '2024-02-10 14:00:00', 90.0, 20), (24, 1022, 5, '2024-03-01 10:00:00', 60.0, 30),
(25, 1023, 6, '2024-03-20 11:00:00', 78.0, 28), (26, 1024, 7, '2024-04-15 09:00:00', 88.0, 22),
(27, 1025, 8, '2024-05-01 10:00:00', 95.0, 18), (28, 1026, 9, '2024-05-20 13:00:00', 81.0, 25),
(29, 1027, 10, '2024-06-10 10:00:00', 77.0, 30), (30, 1028, 11, '2024-07-01 11:00:00', 93.0, 26),
(31, 1029, 12, '2024-07-25 14:00:00', 68.0, 33), (32, 1030, 13, '2024-08-15 09:00:00', 45.0, 15),
(33, 1031, 14, '2024-09-01 10:00:00', 91.0, 20), (34, 1032, 15, '2024-10-10 13:00:00', 75.0, 28),
(35, 1033, 16, '2024-11-01 10:00:00', 84.0, 22), (36, 1034, 17, '2024-12-05 09:00:00', 70.0, 18),
(37, 1035, 18, '2025-01-01 15:00:00', 80.0, 25), (38, 1036, 19, '2025-01-20 11:00:00', 77.0, 20),
(39, 1037, 20, '2025-02-10 14:00:00', 88.0, 30), (40, 1038, 21, '2025-03-01 10:00:00', 65.0, 25),
(41, 1039, 22, '2025-03-20 11:00:00', 72.0, 20), (42, 1040, 23, '2025-04-15 09:00:00', 94.0, 35),
(43, 1041, 24, '2025-05-01 10:00:00', 80.0, 25), (44, 1042, 25, '2025-05-20 13:00:00', 82.5, 30),
(45, 1043, 26, '2025-06-10 10:00:00', 50.0, 40), (46, 1044, 27, '2025-07-01 11:00:00', 71.0, 28),
(47, 1045, 28, '2025-07-25 14:00:00', 76.0, 22), (48, 1046, 29, '2025-08-15 09:00:00', 90.0, 18),
(49, 1047, 30, '2025-09-01 10:00:00', 60.0, 30), (50, 1048, 1, '2025-09-20 13:00:00', 73.0, 25),
(51, 1049, 2, '2025-10-10 10:00:00', 76.0, 30), (52, 1050, 3, '2025-11-01 11:00:00', 80.0, 22),
(53, 1051, 4, '2025-11-20 14:00:00', 86.0, 20), (54, 1052, 5, '2023-04-10 10:00:00', 85.0, 30),
(55, 1053, 6, '2023-05-15 11:00:00', 70.0, 28), (56, 1054, 7, '2023-06-10 09:00:00', 78.0, 25),
(57, 1055, 8, '2023-07-05 14:00:00', 80.0, 20), (58, 1056, 9, '2023-08-05 10:00:00', 65.0, 35),
(59, 1057, 10, '2023-09-05 11:00:00', 91.0, 22), (60, 1058, 11, '2023-10-05 09:00:00', 79.0, 30),
(61, 1059, 12, '2023-11-05 14:00:00', 79.0, 28), (62, 1060, 13, '2023-12-05 10:00:00', 68.0, 25),
(63, 1061, 14, '2024-01-05 11:00:00', 93.0, 20), (64, 1062, 15, '2024-02-05 09:00:00', 50.0, 18),
(65, 1063, 16, '2024-03-05 14:00:00', 87.0, 25), (66, 1064, 17, '2024-04-05 10:00:00', 70.0, 15),
(67, 1065, 18, '2024-05-05 11:00:00', 74.0, 20), (68, 1066, 19, '2024-06-05 09:00:00', 80.0, 22),
(69, 1067, 20, '2024-07-05 14:00:00', 86.5, 30), (70, 1068, 21, '2024-08-05 10:00:00', 75.0, 28),
(71, 1069, 22, '2024-09-05 11:00:00', 45.0, 35), (72, 1070, 23, '2024-10-05 09:00:00', 81.0, 20),
(73, 1071, 24, '2024-11-05 14:00:00', 60.0, 40), (74, 1072, 25, '2024-12-05 10:00:00', 70.0, 25),
(75, 1073, 26, '2025-01-05 11:00:00', 85.0, 30), (76, 1074, 27, '2025-02-05 09:00:00', 90.0, 22),
(77, 1075, 28, '2025-03-05 14:00:00', 70.0, 28), (78, 1076, 29, '2024-02-01 10:00:00', 80.0, 20),
(79, 1077, 30, '2024-03-01 11:00:00', 65.0, 25), (80, 1078, 1, '2024-04-01 09:00:00', 75.0, 30),
(81, 1079, 2, '2024-05-01 14:00:00', 82.0, 22), (82, 1080, 3, '2024-06-01 10:00:00', 55.0, 15),
(83, 1081, 4, '2024-07-01 11:00:00', 90.0, 20), (84, 1082, 5, '2024-08-01 09:00:00', 70.0, 28),
(85, 1083, 6, '2024-09-01 14:00:00', 78.5, 25), (86, 1084, 7, '2024-10-01 10:00:00', 88.0, 22),
(87, 1085, 8, '2024-11-01 11:00:00', 95.0, 18), (88, 1086, 9, '2024-12-01 09:00:00', 85.0, 25),
(89, 1087, 10, '2025-01-01 14:00:00', 72.0, 30), (90, 1088, 11, '2025-02-01 10:00:00', 72.0, 26),
(91, 1089, 12, '2025-03-01 11:00:00', 60.0, 33), (92, 1090, 13, '2025-04-01 09:00:00', 92.0, 20),
(93, 1091, 14, '2025-05-01 14:00:00', 80.0, 28), (94, 1092, 15, '2025-06-01 10:00:00', 70.0, 22),
(95, 1093, 16, '2025-07-01 11:00:00', 68.0, 25), (96, 1094, 17, '2025-08-01 09:00:00', 75.0, 18),
(97, 1095, 18, '2025-09-01 14:00:00', 80.0, 20), (98, 1096, 19, '2025-10-01 10:00:00', 70.0, 25),
(99, 1097, 20, '2025-11-01 11:00:00', 65.0, 30), (100, 1098, 21, '2025-12-01 09:00:00', 73.0, 28),
(101, 1001, 22, '2023-01-25 10:30:00', 98.0, 18), (102, 1001, 23, '2023-02-20 16:00:00', 92.0, 30),
(103, 1002, 24, '2023-02-10 12:00:00', 85.0, 20), (104, 1003, 22, '2023-02-05 09:30:00', 65.0, 25),
(105, 1004, 25, '2023-03-15 14:30:00', 80.0, 23), (106, 1005, 24, '2023-03-08 10:00:00', 45.0, 12),
(107, 1006, 22, '2023-03-03 16:30:00', 88.0, 20), (108, 1007, 22, '2023-03-18 11:30:00', 72.0, 28),
(109, 1007, 23, '2023-04-20 10:30:00', 83.0, 37), (110, 1003, 22, '2023-02-12 09:00:00', 70.0, 19),
(111, 1003, 23, '2023-03-22 14:30:00', 70.0, 40), (112, 1010, 24, '2023-06-05 09:30:00', 96.0, 18),
(113, 1011, 22, '2023-05-18 10:30:00', 68.0, 28), (114, 1012, 27, '2023-06-28 14:30:00', 90.0, 25),
(115, 1013, 28, '2023-07-20 09:30:00', 75.0, 18), (116, 1014, 29, '2023-08-05 11:30:00', 82.0, 20),
(117, 1015, 30, '2023-08-28 10:30:00', 78.0, 23), (118, 1016, 1, '2023-10-10 13:30:00', 88.0, 25),
(119, 1017, 2, '2023-10-28 10:30:00', 92.0, 28), (120, 1018, 3, '2023-11-28 09:30:00', 58.0, 32),
-- Continuing with more entries for each student and course
(121, 1, 6, '2023-08-01 10:00:00', 90.0, 35), (122, 2, 7, '2023-08-15 11:00:00', 85.0, 30),
(123, 3, 8, '2023-09-01 12:00:00', 70.0, 25), (124, 4, 9, '2023-09-10 13:00:00', 78.0, 20),
(125, 5, 10, '2023-10-05 14:00:00', 60.0, 30), (126, 6, 11, '2023-10-10 15:00:00', 82.0, 25),
(127, 7, 12, '2023-11-01 10:00:00', 75.0, 28), (128, 8, 13, '2023-11-15 11:00:00', 88.0, 20),
(129, 9, 14, '2023-12-01 12:00:00', 95.0, 18), (130, 10, 15, '2023-12-10 13:00:00', 90.0, 22),
(131, 11, 1, '2024-01-01 10:00:00', 80.0, 20), (132, 12, 2, '2024-01-15 11:00:00', 70.0, 25),
(133, 13, 3, '2024-02-01 12:00:00', 65.0, 30), (134, 14, 4, '2024-02-10 13:00:00', 92.0, 15),
(135, 15, 5, '2024-03-05 14:00:00', 85.0, 35), (136, 16, 6, '2024-03-10 15:00:00', 90.0, 40),
(137, 17, 7, '2024-04-01 10:00:00', 78.0, 30), (138, 18, 8, '2024-04-15 11:00:00', 50.0, 28),
(139, 19, 9, '2024-05-01 12:00:00', 88.0, 22), (140, 20, 10, '2024-05-10 13:00:00', 80.0, 25),
(141, 21, 11, '2024-06-01 14:00:00', 75.0, 30), (142, 22, 12, '2024-06-15 15:00:00', 81.0, 32),
(143, 23, 13, '2024-07-01 10:00:00', 90.0, 18), (144, 24, 14, '2024-07-10 11:00:00', 70.0, 50),
(145, 25, 15, '2024-08-05 12:00:00', 83.0, 35), (146, 26, 16, '2024-08-12 13:00:00', 88.0, 26),
(147, 27, 17, '2024-09-01 14:00:00', 70.0, 15), (148, 28, 18, '2024-09-15 15:00:00', 75.0, 20),
(149, 29, 19, '2024-10-01 10:00:00', 60.0, 10), (150, 30, 20, '2024-10-10 11:00:00', 91.0, 45),
(151, 31, 1, '2024-11-01 12:00:00', 80.0, 20), (152, 32, 2, '2024-11-15 13:00:00', 70.0, 25),
(153, 33, 3, '2024-12-01 14:00:00', 65.0, 30), (154, 34, 4, '2024-12-10 15:00:00', 92.0, 15),
(155, 35, 5, '2025-01-05 10:00:00', 85.0, 35), (156, 36, 6, '2025-01-10 11:00:00', 90.0, 40),
(157, 37, 7, '2025-02-01 12:00:00', 78.0, 30), (158, 38, 8, '2025-02-15 13:00:00', 70.0, 28),
(159, 39, 9, '2025-03-01 14:00:00', 88.0, 22), (160, 40, 10, '2025-03-10 15:00:00', 80.0, 25),
(161, 41, 11, '2025-04-01 10:00:00', 75.0, 30), (162, 42, 12, '2025-04-15 11:00:00', 81.0, 32),
(163, 43, 13, '2025-05-01 12:00:00', 90.0, 18), (164, 44, 14, '2025-05-10 13:00:00', 70.0, 50),
(165, 45, 15, '2025-06-05 14:00:00', 83.0, 35), (166, 46, 16, '2025-06-12 15:00:00', 88.0, 26),
(167, 47, 17, '2025-07-01 10:00:00', 70.0, 15), (168, 48, 18, '2025-07-15 11:00:00', 75.0, 20),
(169, 49, 19, '2025-08-01 12:00:00', 60.0, 10), (170, 50, 20, '2025-08-10 13:00:00', 91.0, 45),
-- Even more quiz attempts for more data density
(171, 1001, 2, '2023-03-05 10:00:00', 93.0, 30), (172, 1002, 3, '2023-03-12 11:00:00', 87.0, 20),
(173, 1003, 1, '2023-02-18 09:00:00', 72.0, 27), (174, 1004, 4, '2023-03-25 14:00:00', 80.0, 24),
(175, 1005, 3, '2023-03-09 10:30:00', 35.0, 10), (176, 1006, 1, '2023-03-08 16:00:00', 80.0, 20),
(177, 1007, 1, '2023-03-22 11:00:00', 75.0, 29), (178, 1007, 2, '2023-04-28 10:00:00', 82.0, 38),
(179, 1003, 1, '2023-02-20 09:30:00', 78.0, 18), (180, 1003, 2, '2023-03-28 14:00:00', 71.0, 41),
(181, 1010, 3, '2023-06-15 09:00:00', 97.0, 19), (182, 1011, 1, '2023-05-25 10:00:00', 67.0, 29),
(183, 1012, 7, '2023-07-05 14:00:00', 90.0, 26), (184, 1013, 8, '2023-07-30 09:00:00', 73.0, 19),
(185, 1014, 9, '2023-08-15 11:00:00', 81.0, 21), (186, 1015, 10, '2023-09-05 10:00:00', 76.0, 24),
(187, 1016, 11, '2023-10-20 13:00:00', 86.0, 27), (188, 1017, 12, '2023-11-05 10:00:00', 89.0, 29),
(189, 1018, 1, '2023-12-10 09:00:00', 52.0, 33), (190, 1019, 2, '2024-01-05 15:00:00', 72.0, 36),
(191, 1020, 3, '2024-01-25 11:00:00', 83.0, 23), (192, 1021, 4, '2024-02-15 14:00:00', 89.0, 19),
(193, 1022, 5, '2024-03-05 10:00:00', 58.0, 28), (194, 1023, 6, '2024-03-25 11:00:00', 79.0, 27),
(195, 1024, 7, '2024-04-20 09:00:00', 87.0, 21), (196, 1025, 8, '2024-05-05 10:00:00', 93.0, 17),
(197, 1026, 9, '2024-05-25 13:00:00', 82.0, 24), (198, 1027, 10, '2024-06-15 10:00:00', 79.0, 29),
(199, 1028, 11, '2024-07-05 11:00:00', 91.0, 25), (200, 1029, 12, '2024-07-30 14:00:00', 65.0, 32),
(201, 1030, 13, '2024-08-20 09:00:00', 40.0, 14), (202, 1031, 14, '2024-09-05 10:00:00', 90.0, 19),
(203, 1032, 15, '2024-10-15 13:00:00', 77.0, 27), (204, 1033, 16, '2024-11-05 10:00:00', 85.0, 21),
(205, 1034, 17, '2024-12-10 09:00:00', 72.0, 17), (206, 1035, 18, '2025-01-05 15:00:00', 81.0, 24),
(207, 1036, 19, '2025-01-25 11:00:00', 79.0, 19), (208, 1037, 20, '2025-02-15 14:00:00', 89.0, 29),
(209, 1038, 21, '2025-03-05 10:00:00', 68.0, 24), (210, 1039, 22, '2025-03-25 11:00:00', 74.0, 19),
(211, 1040, 23, '2025-04-20 09:00:00', 95.0, 34), (212, 1041, 24, '2025-05-05 10:00:00', 82.0, 24),
(213, 1042, 25, '2025-05-25 13:00:00', 84.5, 29), (214, 1043, 26, '2025-06-15 10:00:00', 48.0, 38),
(215, 1044, 27, '2025-07-05 11:00:00', 73.0, 27), (216, 1045, 28, '2025-07-30 14:00:00', 78.0, 21),
(217, 1046, 29, '2025-08-20 09:00:00', 92.0, 17), (218, 1047, 30, '2025-09-05 10:00:00', 62.0, 29),
(219, 1048, 1, '2025-09-25 13:00:00', 75.0, 24), (220, 1049, 2, '2025-10-15 10:00:00', 78.0, 29),
(221, 1050, 3, '2025-11-05 11:00:00', 82.0, 21), (222, 1051, 4, '2025-11-25 14:00:00', 88.0, 19),
(223, 1052, 5, '2023-04-15 10:00:00', 87.0, 28), (224, 1053, 6, '2023-05-20 11:00:00', 68.0, 27),
(225, 1054, 7, '2023-06-15 09:00:00', 76.0, 24), (226, 1055, 8, '2023-07-10 14:00:00', 82.0, 19),
(227, 1056, 9, '2023-08-10 10:00:00', 63.0, 33), (228, 1057, 10, '2023-09-10 11:00:00', 90.0, 20),
(229, 1058, 11, '2023-10-10 09:00:00', 77.0, 29), (230, 1059, 12, '2023-11-10 14:00:00', 77.0, 27),
(231, 1060, 13, '2023-12-10 10:00:00', 66.0, 24), (232, 1061, 14, '2024-01-10 11:00:00', 91.0, 19),
(233, 1062, 15, '2024-02-10 09:00:00', 48.0, 17), (234, 1063, 16, '2024-03-10 14:00:00', 85.0, 24),
(235, 1064, 17, '2024-04-10 10:00:00', 72.0, 14), (236, 1065, 18, '2024-05-10 11:00:00', 76.0, 19),
(237, 1066, 19, '2024-06-10 09:00:00', 78.0, 21), (238, 1067, 20, '2024-07-10 14:00:00', 85.0, 29),
(239, 1068, 21, '2024-08-10 10:00:00', 73.0, 27), (240, 1069, 22, '2024-09-10 11:00:00', 43.0, 34),
(241, 1070, 23, '2024-10-10 09:00:00', 80.0, 19), (242, 1071, 24, '2024-11-10 14:00:00', 58.0, 38),
(243, 1072, 25, '2024-12-10 10:00:00', 72.0, 24), (244, 1073, 26, '2025-01-10 11:00:00', 83.0, 29),
(245, 1074, 27, '2025-02-10 09:00:00', 88.0, 21), (246, 1075, 28, '2025-03-10 14:00:00', 68.0, 27),
(247, 1076, 29, '2024-02-05 10:00:00', 78.0, 19), (248, 1077, 30, '2024-03-05 11:00:00', 63.0, 24),
(249, 1078, 1, '2024-04-05 09:00:00', 73.0, 29), (250, 1079, 2, '2024-05-05 14:00:00', 80.0, 21),
(251, 1080, 3, '2024-06-05 10:00:00', 53.0, 14), (252, 1081, 4, '2024-07-05 11:00:00', 88.0, 19),
(253, 1082, 5, '2024-08-05 09:00:00', 68.0, 27), (254, 1083, 6, '2024-09-05 14:00:00', 76.5, 24),
(255, 1084, 7, '2024-10-05 10:00:00', 86.0, 21), (256, 1085, 8, '2024-11-05 11:00:00', 93.0, 17),
(257, 1086, 9, '2024-12-05 09:00:00', 83.0, 24), (258, 1087, 10, '2025-01-05 14:00:00', 70.0, 29),
(259, 1088, 11, '2025-02-05 10:00:00', 70.0, 25), (260, 1089, 12, '2025-03-05 11:00:00', 58.0, 31),
(261, 1090, 13, '2025-04-05 09:00:00', 90.0, 19), (262, 1091, 14, '2025-05-05 14:00:00', 78.0, 27),
(263, 1092, 15, '2025-06-05 10:00:00', 68.0, 21), (264, 1093, 16, '2025-07-05 11:00:00', 66.0, 24),
(265, 1094, 17, '2025-08-05 09:00:00', 73.0, 17), (266, 1095, 18, '2025-09-05 14:00:00', 78.0, 19),
(267, 1096, 19, '2025-10-05 10:00:00', 68.0, 24), (268, 1097, 20, '2025-11-05 11:00:00', 63.0, 29),
(269, 1098, 21, '2025-12-05 09:00:00', 71.0, 27), (270, 1099, 22, '2026-01-05 14:00:00', 80.0, 19),
(271, 1100, 23, '2026-01-25 10:00:00', 85.0, 24),
-- Add more attempts for various students and quizzes randomly
(272, 1001, 1, '2023-01-20 10:15:00', 90.0, 25), (273, 1002, 3, '2023-01-20 11:00:00', 85.0, 20),
(274, 1003, 1, '2023-02-05 09:45:00', 68.0, 26), (275, 1004, 4, '2023-02-15 14:10:00', 79.0, 24),
(276, 1005, 3, '2023-03-07 10:45:00', 38.0, 13), (277, 1006, 1, '2023-03-06 16:15:00', 83.0, 21),
(278, 1007, 1, '2023-03-21 11:15:00', 73.0, 29), (279, 1007, 2, '2023-04-26 10:15:00', 78.0, 36),
(280, 1003, 1, '2023-02-16 09:15:00', 73.0, 19), (281, 1003, 2, '2023-03-26 14:15:00', 66.0, 40),
(282, 1010, 3, '2023-06-12 09:15:00', 96.0, 19), (283, 1011, 1, '2023-05-22 10:15:00', 63.0, 28),
(284, 1012, 7, '2023-07-02 14:15:00', 89.0, 25), (285, 1013, 8, '2023-07-27 09:15:00', 72.0, 18),
(286, 1014, 9, '2023-08-12 11:15:00', 79.0, 21), (287, 1015, 10, '2023-09-03 10:15:00', 74.0, 24),
(288, 1016, 11, '2023-10-17 13:15:00', 84.0, 27), (289, 1017, 12, '2023-11-03 10:15:00', 88.0, 29),
(290, 1018, 1, '2023-12-07 09:15:00', 50.0, 31), (291, 1019, 2, '2024-01-03 15:15:00', 68.0, 35),
(292, 1020, 3, '2024-01-22 11:15:00', 80.0, 22), (293, 1021, 4, '2024-02-12 14:15:00', 88.0, 19),
(294, 1022, 5, '2024-03-03 10:15:00', 55.0, 26), (295, 1023, 6, '2024-03-22 11:15:00', 77.0, 25),
(296, 1024, 7, '2024-04-17 09:15:00', 86.0, 20), (297, 1025, 8, '2024-05-03 10:15:00', 90.0, 16),
(298, 1026, 9, '2024-05-22 13:15:00', 80.0, 22), (299, 1027, 10, '2024-06-12 10:15:00', 75.0, 27),
(300, 1028, 11, '2024-07-03 11:15:00', 89.0, 23), (301, 1029, 12, '2024-07-27 14:15:00', 63.0, 30),
(302, 1030, 13, '2024-08-17 09:15:00', 38.0, 12), (303, 1031, 14, '2024-09-03 10:15:00', 88.0, 18),
(304, 1032, 15, '2024-10-12 13:15:00', 74.0, 25), (305, 1033, 16, '2024-11-03 10:15:00', 82.0, 19),
(306, 1034, 17, '2024-12-07 09:15:00', 68.0, 15), (307, 1035, 18, '2025-01-03 15:15:00', 78.0, 22),
(308, 1036, 19, '2025-01-22 11:15:00', 75.0, 17), (309, 1037, 20, '2025-02-12 14:15:00', 86.0, 27),
(310, 1038, 21, '2025-03-03 10:15:00', 65.0, 22), (311, 1039, 22, '2025-03-22 11:15:00', 71.0, 17),
(312, 1040, 23, '2025-04-17 09:15:00', 92.0, 32), (313, 1041, 24, '2025-05-03 10:15:00', 78.0, 22),
(314, 1042, 25, '2025-05-22 13:15:00', 81.5, 27), (315, 1043, 26, '2025-06-12 10:15:00', 45.0, 35),
(316, 1044, 27, '2025-07-03 11:15:00', 70.0, 25), (317, 1045, 28, '2025-07-27 14:15:00', 75.0, 19),
(318, 1046, 29, '2025-08-17 09:15:00', 90.0, 16), (319, 1047, 30, '2025-09-03 10:15:00', 60.0, 27),
(320, 1048, 1, '2025-09-22 13:15:00', 72.0, 22), (321, 1049, 2, '2025-10-12 10:15:00', 75.0, 27),
(322, 1050, 3, '2025-11-03 11:15:00', 80.0, 19), (323, 1051, 4, '2025-11-22 14:15:00', 85.0, 18),
(324, 1052, 5, '2023-04-12 10:15:00', 84.0, 27), (325, 1053, 6, '2023-05-17 11:15:00', 66.0, 26),
(326, 1054, 7, '2023-06-12 09:15:00', 74.0, 23), (327, 1055, 8, '2023-07-07 14:15:00', 78.0, 18),
(328, 1056, 9, '2023-08-07 10:15:00', 60.0, 32), (329, 1057, 10, '2023-09-07 11:15:00', 88.0, 19),
(330, 1058, 11, '2023-10-07 09:15:00', 74.0, 28), (331, 1059, 12, '2023-11-07 14:15:00', 74.0, 26),
(332, 1060, 13, '2023-12-07 10:15:00', 63.0, 23), (333, 1061, 14, '2024-01-07 11:15:00', 89.0, 18),
(334, 1062, 15, '2024-02-07 09:15:00', 45.0, 16), (335, 1063, 16, '2024-03-07 14:15:00', 83.0, 22),
(336, 1064, 17, '2024-04-07 10:15:00', 68.0, 13), (337, 1065, 18, '2024-05-07 11:15:00', 72.0, 17),
(338, 1066, 19, '2024-06-07 09:15:00', 75.0, 19), (339, 1067, 20, '2024-07-07 14:15:00', 83.0, 27),
(340, 1068, 21, '2024-08-07 10:15:00', 70.0, 25), (341, 1069, 22, '2024-09-07 11:15:00', 40.0, 32),
(342, 1070, 23, '2024-10-07 09:15:00', 77.0, 17), (343, 1071, 24, '2024-11-07 14:15:00', 55.0, 36),
(344, 1072, 25, '2024-12-07 10:15:00', 68.0, 22), (345, 1073, 26, '2025-01-07 11:15:00', 80.0, 27),
(346, 1074, 27, '2025-02-07 09:15:00', 85.0, 19), (347, 1075, 28, '2025-03-07 14:15:00', 65.0, 25),
(348, 1076, 29, '2024-02-02 10:15:00', 75.0, 18), (349, 1077, 30, '2024-03-02 11:15:00', 60.0, 23),
(350, 1078, 1, '2024-04-02 09:15:00', 70.0, 28), (351, 1079, 2, '2024-05-02 14:15:00', 78.0, 20),
(352, 1080, 3, '2024-06-02 10:15:00', 50.0, 13), (353, 1081, 4, '2024-07-02 11:15:00', 86.0, 18),
(354, 1082, 5, '2024-08-02 09:15:00', 65.0, 26), (355, 1083, 6, '2024-09-02 14:15:00', 74.0, 23),
(356, 1084, 7, '2024-10-02 10:15:00', 84.0, 20), (357, 1085, 8, '2024-11-02 11:15:00', 90.0, 16),
(358, 1086, 9, '2024-12-02 09:15:00', 80.0, 23), (359, 1087, 10, '2025-01-02 14:15:00', 68.0, 28),
(360, 1088, 11, '2025-02-02 10:15:00', 68.0, 24), (361, 1089, 12, '2025-03-02 11:15:00', 55.0, 30),
(362, 1090, 13, '2025-04-02 09:15:00', 88.0, 18), (363, 1091, 14, '2025-05-02 14:15:00', 75.0, 26),
(364, 1092, 15, '2025-06-02 10:15:00', 65.0, 20), (365, 1093, 16, '2025-07-02 11:15:00', 63.0, 23),
(366, 1094, 17, '2025-08-02 09:15:00', 70.0, 16), (367, 1095, 18, '2025-09-02 14:15:00', 75.0, 18),
(368, 1096, 19, '2025-10-02 10:15:00', 65.0, 23), (369, 1097, 20, '2025-11-02 11:15:00', 60.0, 28),
(370, 1098, 21, '2025-12-02 09:15:00', 68.0, 26), (371, 1099, 22, '2026-01-02 14:15:00', 78.0, 18),
(372, 1100, 23, '2026-01-27 10:15:00', 82.0, 23),
-- More varied attempts for remaining entries (randomized)
(373, 1001, 1, '2023-01-22 08:30:00', 97.0, 19), (374, 1002, 3, '2023-01-22 13:45:00', 89.0, 21),
(375, 1003, 1, '2023-02-07 10:00:00', 62.0, 28), (376, 1004, 4, '2023-02-17 15:00:00', 81.0, 25),
(377, 1005, 3, '2023-03-09 11:00:00', 30.0, 15), (378, 1006, 1, '2023-03-07 17:00:00', 86.0, 23),
(379, 1007, 1, '2023-03-23 12:00:00', 70.0, 30), (380, 1007, 2, '2023-04-29 11:00:00', 85.0, 38),
(381, 1003, 1, '2023-02-18 09:30:00', 76.0, 20), (382, 1003, 2, '2023-03-29 15:00:00', 69.0, 42),
(383, 1010, 3, '2023-06-14 09:30:00', 98.0, 21), (384, 1011, 1, '2023-05-24 10:30:00', 60.0, 30),
(385, 1012, 7, '2023-07-04 14:30:00', 87.0, 27), (386, 1013, 8, '2023-07-29 09:30:00', 70.0, 20),
(387, 1014, 9, '2023-08-14 11:30:00', 78.0, 22), (388, 1015, 10, '2023-09-04 10:30:00', 73.0, 25),
(389, 1016, 11, '2023-10-19 13:30:00', 83.0, 28), (390, 1017, 12, '2023-11-04 10:30:00', 86.0, 30),
(391, 1018, 1, '2023-12-09 09:30:00', 48.0, 34), (392, 1019, 2, '2024-01-04 15:30:00', 65.0, 37),
(393, 1020, 3, '2024-01-24 11:30:00', 81.0, 24), (394, 1021, 4, '2024-02-14 14:30:00', 87.0, 20),
(395, 1022, 5, '2024-03-04 10:30:00', 53.0, 29), (396, 1023, 6, '2024-03-24 11:30:00', 76.0, 28),
(397, 1024, 7, '2024-04-19 09:30:00', 85.0, 22), (398, 1025, 8, '2024-05-04 10:30:00', 90.0, 18),
(399, 1026, 9, '2024-05-24 13:30:00', 79.0, 25), (400, 1027, 10, '2024-06-14 10:30:00', 74.0, 30),
(401, 1028, 11, '2024-07-04 11:30:00', 87.0, 26), (402, 1029, 12, '2024-07-29 14:30:00', 60.0, 33),
(403, 1030, 13, '2024-08-19 09:30:00', 35.0, 15), (404, 1031, 14, '2024-09-04 10:30:00', 87.0, 20),
(405, 1032, 15, '2024-10-14 13:30:00', 72.0, 28), (406, 1033, 16, '2024-11-04 10:30:00', 80.0, 22),
(407, 1034, 17, '2024-12-09 09:30:00', 65.0, 18), (408, 1035, 18, '2025-01-04 15:30:00', 75.0, 25),
(409, 1036, 19, '2025-01-24 11:30:00', 72.0, 19), (410, 1037, 20, '2025-02-14 14:30:00', 84.0, 29),
(411, 1038, 21, '2025-03-04 10:30:00', 63.0, 24), (412, 1039, 22, '2025-03-24 11:30:00', 68.0, 19),
(413, 1040, 23, '2025-04-19 09:30:00', 90.0, 34), (414, 1041, 24, '2025-05-04 10:30:00', 76.0, 24),
(415, 1042, 25, '2025-05-24 13:30:00', 79.5, 29), (416, 1043, 26, '2025-06-14 10:30:00', 42.0, 38),
(417, 1044, 27, '2025-07-04 11:30:00', 68.0, 27), (418, 1045, 28, '2025-07-29 14:30:00', 73.0, 21),
(419, 1046, 29, '2025-08-19 09:30:00', 88.0, 16), (420, 1047, 30, '2025-09-04 10:30:00', 58.0, 29),
(421, 1048, 1, '2025-09-24 13:30:00', 70.0, 24), (422, 1049, 2, '2025-10-14 10:30:00', 73.0, 29),
(423, 1050, 3, '2025-11-04 11:30:00', 78.0, 19), (424, 1051, 4, '2025-11-24 14:30:00', 83.0, 18),
(425, 1052, 5, '2023-04-14 10:30:00', 82.0, 27), (426, 1053, 6, '2023-05-19 11:30:00', 64.0, 26),
(427, 1054, 7, '2023-06-14 09:30:00', 72.0, 23), (428, 1055, 8, '2023-07-09 14:30:00', 76.0, 18),
(429, 1056, 9, '2023-08-09 10:30:00', 58.0, 32), (430, 1057, 10, '2023-09-09 11:30:00', 86.0, 19),
(431, 1058, 11, '2023-10-09 09:30:00', 72.0, 28), (432, 1059, 12, '2023-11-09 14:30:00', 72.0, 26),
(433, 1060, 13, '2023-12-09 10:30:00', 61.0, 23), (434, 1061, 14, '2024-01-09 11:30:00', 87.0, 18),
(435, 1062, 15, '2024-02-09 09:30:00', 43.0, 16), (436, 1063, 16, '2024-03-09 14:30:00', 81.0, 22),
(437, 1064, 17, '2024-04-09 10:30:00', 66.0, 13), (438, 1065, 18, '2024-05-09 11:30:00', 70.0, 17),
(439, 1066, 19, '2024-06-09 09:30:00', 73.0, 19), (440, 1067, 20, '2024-07-09 14:30:00', 81.0, 27),
(441, 1068, 21, '2024-08-09 10:30:00', 68.0, 25), (442, 1069, 22, '2024-09-09 11:30:00', 38.0, 32),
(443, 1070, 23, '2024-10-09 09:30:00', 74.0, 17), (444, 1071, 24, '2024-11-09 14:30:00', 52.0, 36),
(445, 1072, 25, '2024-12-09 10:30:00', 66.0, 22), (446, 1073, 26, '2025-01-09 11:30:00', 78.0, 27),
(447, 1074, 27, '2025-02-09 09:30:00', 83.0, 19), (448, 1075, 28, '2025-03-09 14:30:00', 63.0, 25),
(449, 1076, 29, '2024-02-04 10:30:00', 72.0, 18), (450, 1077, 30, '2024-03-04 11:30:00', 58.0, 23),
(451, 1078, 1, '2024-04-04 09:30:00', 68.0, 28), (452, 1079, 2, '2024-05-04 14:30:00', 76.0, 20),
(453, 1080, 3, '2024-06-04 10:30:00', 48.0, 13), (454, 1081, 4, '2024-07-04 11:30:00', 84.0, 18),
(455, 1082, 5, '2024-08-04 09:30:00', 63.0, 26), (456, 1083, 6, '2024-09-04 14:30:00', 72.0, 23),
(457, 1084, 7, '2024-10-04 10:30:00', 82.0, 20), (458, 1085, 8, '2024-11-04 11:30:00', 88.0, 16),
(459, 1086, 9, '2024-12-04 09:30:00', 78.0, 23), (460, 1087, 10, '2025-01-04 14:30:00', 66.0, 28),
(461, 1088, 11, '2025-02-04 10:30:00', 66.0, 24), (462, 1089, 12, '2025-03-04 11:30:00', 52.0, 30),
(463, 1090, 13, '2025-04-04 09:30:00', 86.0, 18), (464, 1091, 14, '2025-05-04 14:30:00', 73.0, 26),
(465, 1092, 15, '2025-06-04 10:30:00', 63.0, 20), (466, 1093, 16, '2025-07-04 11:30:00', 61.0, 23),
(467, 1094, 17, '2025-08-04 09:30:00', 68.0, 16), (468, 1095, 18, '2025-09-04 14:30:00', 73.0, 18),
(469, 1096, 19, '2025-10-04 10:30:00', 63.0, 23), (470, 1097, 20, '2025-11-04 11:30:00', 58.0, 28),
(471, 1098, 21, '2025-12-04 09:30:00', 66.0, 26), (472, 1099, 22, '2026-01-04 14:30:00', 76.0, 18),
(473, 1100, 23, '2026-01-29 10:30:00', 80.0, 23),
-- Final set of entries
(474, 1001, 1, '2023-01-24 09:00:00', 96.0, 20), (475, 1002, 3, '2023-01-24 10:45:00', 88.0, 22),
(476, 1003, 1, '2023-02-09 10:15:00', 65.0, 27), (477, 1004, 4, '2023-02-19 14:45:00', 80.0, 24),
(478, 1005, 3, '2023-03-11 11:15:00', 32.0, 14), (479, 1006, 1, '2023-03-09 16:45:00', 85.0, 22),
(480, 1007, 1, '2023-03-25 12:15:00', 72.0, 29), (481, 1007, 2, '2023-04-01 11:15:00', 86.0, 37),
(482, 1003, 1, '2023-02-20 09:45:00', 78.0, 20), (483, 1003, 2, '2023-03-31 15:15:00', 70.0, 41),
(484, 1010, 3, '2023-06-16 09:45:00', 97.0, 20), (485, 1011, 1, '2023-05-26 10:45:00', 62.0, 29),
(486, 1012, 7, '2023-07-06 14:45:00', 88.0, 26), (487, 1013, 8, '2023-07-31 09:45:00', 71.0, 19),
(488, 1014, 9, '2023-08-16 11:45:00', 79.0, 22), (489, 1015, 10, '2023-09-06 10:45:00', 74.0, 25),
(490, 1016, 11, '2023-10-21 13:45:00', 84.0, 28), (491, 1017, 12, '2023-11-06 10:45:00', 87.0, 30),
(492, 1018, 1, '2023-12-11 09:45:00', 49.0, 33), (493, 1019, 2, '2024-01-06 15:45:00', 66.0, 36),
(494, 1020, 3, '2024-01-26 11:45:00', 82.0, 24), (495, 1021, 4, '2024-02-16 14:45:00', 89.0, 20),
(496, 1022, 5, '2024-03-06 10:45:00', 56.0, 28), (497, 1023, 6, '2024-03-26 11:45:00', 78.0, 27),
(498, 1024, 7, '2024-04-21 09:45:00', 86.0, 22), (499, 1025, 8, '2024-05-06 10:45:00', 92.0, 18),
(500, 1026, 9, '2024-05-26 13:45:00', 81.0, 25);